<?xml version="1.0"?>
<CompileOption xmlns:xsi="http://www.w3.org/2001/XMLSchema-instance" xmlns:xsd="http://www.w3.org/2001/XMLSchema">
  <AddUniqueNoToVariable>true</AddUniqueNoToVariable>
  <UseBuiltinMethods>true</UseBuiltinMethods>
  <ProhibitOverloadingOfVariable>false</ProhibitOverloadingOfVariable>
  <ParallelizationOption>InParallelSpecifiedCode</ParallelizationOption>
  <Optimize>true</Optimize>
  <CacheStages>true</CacheStages>
  <CacheParameters>true</CacheParameters>
  <NameSpaceName>__N1</NameSpaceName>
  <ClassName>__C1</ClassName>
  <GenerateInMemory>true</GenerateInMemory>
</CompileOption>