<SOAP-ENV:Envelope xmlns:xsi="http://www.w3.org/2001/XMLSchema-instance" xmlns:xsd="http://www.w3.org/2001/XMLSchema" xmlns:SOAP-ENC="http://schemas.xmlsoap.org/soap/encoding/" xmlns:SOAP-ENV="http://schemas.xmlsoap.org/soap/envelope/" xmlns:clr="http://schemas.microsoft.com/soap/encoding/clr/1.0" SOAP-ENV:encodingStyle="http://schemas.xmlsoap.org/soap/encoding/">
<SOAP-ENV:Body>
<a1:VisualizationInfo id="ref-1" xmlns:a1="http://schemas.microsoft.com/clr/nsassem/Ripple.GUISimulator.Scripts/RippleGUISimulator%2C%20Version%3D0.1.0.0%2C%20Culture%3Dneutral%2C%20PublicKeyToken%3Dnull">
<_x003C_Stages_x003E_k__BackingField href="#ref-3"/>
<_x003C_VisualizationToolsName_x003E_k__BackingField id="ref-4">Ripple.Plugins.ChartVisualizer.ChartVisualizer</_x003C_VisualizationToolsName_x003E_k__BackingField>
</a1:VisualizationInfo>
<SOAP-ENC:Array id="ref-3" SOAP-ENC:arrayType="xsd:string[2]">
<item id="ref-5">x</item>
<item id="ref-6">y</item>
</SOAP-ENC:Array>
</SOAP-ENV:Body>
</SOAP-ENV:Envelope>
